step,type,amount,oldbalanceOrg,newbalanceOrig,oldbalanceDest,newbalanceDest,isFraud
380,PAYMENT,7084.12,393422.26,386338.15,0.0,0.0,0
400,TRANSFER,1227068.37,8855.0,0.0,24299.88,1251368.26,0
371,PAYMENT,14391.88,93443.0,79051.12,0.0,0.0,0
359,CASH_IN,284427.32,3261466.2,3545893.53,844553.06,560125.73,0
377,TRANSFER,43801.82,11540.0,0.0,535212.6,579014.42,0
359,CASH_OUT,263886.75,0.0,0.0,753560.94,1017447.69,0
642,CASH_OUT,450060.37,450060.37,0.0,100205.45,550265.82,1
403,CASH_OUT,19215.93,121.0,0.0,153091.07,172307.0,0
401,CASH_OUT,241311.67,30902.0,0.0,0.0,241311.67,0
356,PAYMENT,7012.28,0.0,0.0,0.0,0.0,0
371,CASH_IN,168291.17,15470097.49,15638388.66,9845020.4,9676729.23,0
424,TRANSFER,671406.79,671406.79,0.0,0.0,0.0,1
570,PAYMENT,11056.75,69757.0,58700.25,0.0,0.0,0
380,PAYMENT,13272.38,10407.0,0.0,0.0,0.0,0
402,CASH_IN,163836.3,1718.0,165554.3,1582614.27,1418777.97,0
371,PAYMENT,12041.79,0.0,0.0,0.0,0.0,0
371,TRANSFER,440111.15,0.0,0.0,890840.18,1330951.33,0
396,TRANSFER,2261785.93,100.0,0.0,0.0,2261785.93,0
564,TRANSFER,3370781.65,3370781.65,0.0,0.0,0.0,1
574,PAYMENT,2750.86,12010.0,9259.14,0.0,0.0,0
680,TRANSFER,28399.72,28399.72,0.0,0.0,0.0,1
546,CASH_IN,223184.16,15319.0,238503.16,5056195.09,4833010.93,0
371,CASH_OUT,4159.58,3996.0,0.0,0.0,4159.58,0
396,CASH_OUT,302029.3,0.0,0.0,620807.14,922836.44,0
398,CASH_IN,107016.33,5620574.42,5727590.76,295952.96,188936.63,0
370,PAYMENT,51686.65,0.0,0.0,0.0,0.0,0
400,CASH_OUT,165110.01,11589.0,0.0,9082075.09,9247185.1,0
381,CASH_OUT,116839.68,82213.0,0.0,1492137.34,1608977.02,0
400,CASH_OUT,362259.79,32099.0,0.0,8337266.23,8699526.01,0
453,CASH_OUT,1028486.59,1028486.59,0.0,1268932.19,2297418.78,1
549,CASH_OUT,29473.67,29473.67,0.0,32212.58,61686.25,1
373,PAYMENT,4724.78,0.0,0.0,0.0,0.0,0
400,CASH_OUT,88231.84,0.0,0.0,221612.6,309844.44,0
372,PAYMENT,4504.0,26415.0,21911.0,0.0,0.0,0
404,CASH_IN,264834.51,718.0,265552.51,0.0,0.0,0
589,CASH_IN,45395.4,5241.0,50636.4,3190265.48,3144870.08,0
379,TRANSFER,595397.28,21522.0,0.0,0.0,595397.28,0
692,CASH_IN,197409.27,53460.0,250869.27,0.0,0.0,0
404,PAYMENT,2156.55,0.0,0.0,0.0,0.0,0
594,CASH_IN,138695.08,21485.0,160180.08,112616.3,0.0,0
374,TRANSFER,126136.7,0.0,0.0,187912.31,314049.01,0
694,PAYMENT,54530.7,9251.83,0.0,0.0,0.0,0
374,CASH_OUT,343157.48,183461.77,0.0,2173958.32,2517115.79,0
370,CASH_IN,166943.3,4422203.21,4589146.51,4321461.89,4154518.59,0
378,CASH_OUT,131372.48,0.0,0.0,1086719.36,1218091.84,0
404,PAYMENT,14836.03,0.0,0.0,0.0,0.0,0
371,PAYMENT,9965.76,0.0,0.0,0.0,0.0,0
400,PAYMENT,13982.28,0.0,0.0,0.0,0.0,0
525,PAYMENT,34851.54,105700.0,70848.46,0.0,0.0,0
402,CASH_IN,288612.72,1783651.13,2072263.86,2384447.43,2095834.71,0
424,CASH_OUT,5475018.52,5475018.52,0.0,205724.59,5680743.11,1
357,PAYMENT,7499.7,285177.0,277677.3,0.0,0.0,0
376,CASH_IN,6114.59,2216780.03,2222894.62,59276.24,53161.64,0
368,CASH_OUT,200419.12,200419.12,0.0,4027748.6,4228167.73,1
403,CASH_OUT,41268.77,59462.0,18193.23,0.0,41268.77,0
380,CASH_OUT,199583.86,0.0,0.0,2694896.54,2894480.4,0
404,CASH_OUT,51265.28,0.0,0.0,659474.07,710739.35,0
378,PAYMENT,2435.59,0.0,0.0,0.0,0.0,0
544,CASH_IN,141842.06,4961262.18,5103104.24,260278.23,118436.17,0
594,CASH_OUT,29705.69,100310.0,70604.31,0.0,29705.69,0
401,PAYMENT,2790.24,0.0,0.0,0.0,0.0,0
372,CASH_OUT,3915.95,14892.0,10976.05,92366.9,96282.85,0
395,CASH_IN,360083.92,272778.03,632861.95,1998137.95,1638054.03,0
393,TRANSFER,1376349.2,0.0,0.0,2432281.73,3808630.94,0
401,CASH_IN,85947.17,145938.0,231885.17,1238149.69,1042433.94,0
371,CASH_OUT,291130.88,238.0,0.0,1196434.32,1487565.19,0
373,PAYMENT,62729.24,141.0,0.0,0.0,0.0,0
396,CASH_IN,80260.77,4598978.24,4679239.01,1033688.37,953427.6,0
688,PAYMENT,19465.34,7043.0,0.0,0.0,0.0,0
358,PAYMENT,3091.62,21048.0,17956.38,0.0,0.0,0
401,CASH_IN,102249.28,2416242.98,2518492.26,109653.2,7403.92,0
451,CASH_OUT,7304.13,29733.0,22428.87,0.0,7304.13,0
500,CASH_OUT,73893.86,0.0,0.0,579528.2,653422.06,0
376,PAYMENT,21239.9,29730.0,8490.1,0.0,0.0,0
384,CASH_OUT,47234.11,21897.87,0.0,430349.88,477583.99,0
374,CASH_OUT,182238.32,4195.0,0.0,0.0,182238.32,0
404,CASH_OUT,81709.46,51667.0,0.0,932460.25,1014169.71,0
376,TRANSFER,1606752.66,47432.0,0.0,6630508.47,8237261.13,0
370,PAYMENT,8780.97,0.0,0.0,0.0,0.0,0
376,CASH_OUT,238265.44,0.0,0.0,3822165.63,4060431.07,0
379,TRANSFER,326676.59,0.0,0.0,2575650.32,2902326.91,0
596,CASH_OUT,484759.8,0.0,0.0,665018.99,1149778.79,0
522,PAYMENT,10174.49,0.0,0.0,0.0,0.0,0
590,TRANSFER,802483.88,802483.88,0.0,0.0,0.0,1
530,PAYMENT,13061.59,611.25,0.0,0.0,0.0,0
396,CASH_OUT,152961.7,18415.0,0.0,720920.57,873882.27,0
570,CASH_IN,62157.54,5873051.05,5935208.59,125262.94,63105.4,0
596,CASH_IN,16325.86,2199877.59,2216203.45,50764.93,34439.07,0
684,CASH_OUT,253991.62,11499.0,0.0,0.0,253991.62,0
372,PAYMENT,32251.79,49066.0,16814.21,0.0,0.0,0
667,PAYMENT,12468.11,5057.0,0.0,0.0,0.0,0
373,PAYMENT,6598.07,0.0,0.0,0.0,0.0,0
684,CASH_OUT,149859.0,0.0,0.0,2049692.94,2199551.94,0
374,PAYMENT,18494.17,6558.55,0.0,0.0,0.0,0
404,TRANSFER,29970.13,36159.29,6189.15,627620.37,657590.51,0
374,CASH_IN,33865.48,8693191.16,8727056.64,2451987.79,2418122.32,0
359,PAYMENT,8882.14,72712.0,63829.86,0.0,0.0,0
596,CASH_IN,28983.13,4617182.78,4646165.91,569369.16,540386.03,0
545,CASH_OUT,175241.69,232349.0,57107.31,17587642.48,17762884.17,0
522,PAYMENT,14081.34,0.0,0.0,0.0,0.0,0
371,CASH_OUT,132155.86,0.0,0.0,209345.96,341501.82,0
400,PAYMENT,21230.11,8067.0,0.0,0.0,0.0,0
403,CASH_OUT,203334.47,30991.0,0.0,216279.69,419614.16,0
401,CASH_OUT,186749.22,0.0,0.0,904316.98,1091066.2,0
398,PAYMENT,439.98,2747.0,2307.02,0.0,0.0,0
357,PAYMENT,1916.65,335540.0,333623.35,0.0,0.0,0
408,CASH_IN,122797.27,4450954.75,4573752.02,863258.92,740461.66,0
405,PAYMENT,16562.54,197238.0,180675.46,0.0,0.0,0
522,CASH_OUT,155810.77,146814.0,0.0,333906.51,489717.28,0
378,TRANSFER,147127.22,286964.51,139837.29,1666783.93,1813911.15,0
705,PAYMENT,21586.49,0.0,0.0,0.0,0.0,0
375,PAYMENT,7166.22,44766.0,37599.78,0.0,0.0,0
378,CASH_OUT,11961.99,22402.0,10440.01,0.0,11961.99,0
398,CASH_OUT,70428.55,90739.0,20310.45,903028.21,973456.76,0
590,CASH_IN,490800.37,9021820.51,9512620.88,1738090.16,1247289.8,0
406,PAYMENT,352.56,125640.0,125287.44,0.0,0.0,0
466,CASH_OUT,198024.87,0.0,0.0,2862702.8,3060727.67,0
373,CASH_IN,270290.46,3907383.86,4177674.32,1850068.51,1579778.04,0
398,CASH_IN,36337.14,759087.05,795424.19,2168026.43,2131689.29,0
487,TRANSFER,93781.05,35621.0,0.0,28109.65,121890.7,0
379,CASH_IN,4133.16,8007117.63,8011250.79,74222.58,70089.42,0
416,CASH_IN,79576.22,19938.0,99514.22,0.0,0.0,0
426,CASH_OUT,227936.78,0.0,0.0,3433561.38,3661498.16,0
476,CASH_OUT,129891.35,15255.0,0.0,0.0,129891.35,0
371,CASH_OUT,596458.01,0.0,0.0,3220390.95,3816848.96,0
426,CASH_IN,313358.34,2285354.56,2598712.9,889542.62,576184.28,0
403,CASH_IN,63219.8,1831671.38,1894891.18,729187.84,665968.04,0
379,CASH_OUT,422307.25,0.0,0.0,9237851.25,9660158.5,0
499,CASH_OUT,43308.07,43308.07,0.0,289285.73,332593.8,1
401,CASH_IN,247111.36,3884404.78,4131516.13,1579344.23,1332232.87,0
691,CASH_IN,914.27,31149.0,32063.27,2316013.78,2315099.5,0
394,CASH_OUT,84182.93,0.0,0.0,5146721.51,5230904.44,0
715,CASH_OUT,122352.26,2605.0,0.0,91511.59,213863.85,0
374,PAYMENT,4434.16,21507.0,17072.84,0.0,0.0,0
394,CASH_OUT,209713.66,33552.0,0.0,0.0,209713.66,0
688,PAYMENT,929.32,21973.0,21043.68,0.0,0.0,0
402,PAYMENT,9578.15,0.0,0.0,0.0,0.0,0
705,CASH_IN,360735.89,150972.0,511707.89,639856.05,279120.16,0
400,CASH_OUT,678339.24,21079.0,0.0,402474.74,1080813.98,0
356,CASH_IN,278062.81,1069442.5,1347505.31,787575.91,509513.1,0
483,CASH_OUT,288151.01,0.0,0.0,318161.52,606312.52,0
374,CASH_OUT,115508.96,36707.9,0.0,1662990.81,1778499.77,0
373,CASH_OUT,107255.21,0.0,0.0,190140.28,87112.19,0
381,PAYMENT,7045.3,0.0,0.0,0.0,0.0,0
378,CASH_OUT,104759.68,0.0,0.0,5709101.98,5813861.66,0
403,PAYMENT,4473.3,0.0,0.0,0.0,0.0,0
495,PAYMENT,23217.03,0.0,0.0,0.0,0.0,0
399,PAYMENT,13431.96,0.0,0.0,0.0,0.0,0
471,CASH_OUT,90309.11,362955.97,272646.86,688553.91,778863.03,0
402,CASH_IN,23381.06,4137620.92,4161001.98,1270411.25,1247030.19,0
378,PAYMENT,12651.84,0.0,0.0,0.0,0.0,0
398,CASH_OUT,44225.38,0.0,0.0,728353.53,772578.92,0
370,CASH_OUT,19576.71,0.0,0.0,2072584.98,2092161.69,0
402,PAYMENT,14481.45,26881.0,12399.55,0.0,0.0,0
362,PAYMENT,3865.69,5505.0,1639.31,0.0,0.0,0
522,PAYMENT,19887.02,85099.5,65212.48,0.0,0.0,0
404,PAYMENT,10842.07,266500.8,255658.73,0.0,0.0,0
525,CASH_IN,231306.7,10872779.1,11104085.79,304579.57,73272.87,0
565,CASH_OUT,261763.67,10384.0,0.0,150325.83,412089.5,0
378,TRANSFER,447255.5,189859.64,0.0,1697900.21,2145155.71,0
688,CASH_IN,339532.07,2705079.74,3044611.81,969930.72,630398.65,0
403,CASH_OUT,346195.15,0.0,0.0,2041252.21,2387447.35,0
357,PAYMENT,18332.09,91707.0,73374.91,0.0,0.0,0
379,PAYMENT,2628.34,0.0,0.0,0.0,0.0,0
396,PAYMENT,16573.59,101854.0,85280.41,0.0,0.0,0
378,CASH_IN,435910.81,4266116.14,4702026.95,730223.27,294312.46,0
557,CASH_OUT,111467.61,111467.61,0.0,668384.6,779852.21,1
400,CASH_IN,287285.04,82617.0,369902.04,0.0,0.0,0
379,CASH_OUT,126251.14,0.0,0.0,4300389.17,4426640.31,0
403,PAYMENT,12446.68,10718.0,0.0,0.0,0.0,0
374,CASH_OUT,1734.36,332839.69,331105.32,170360.44,172094.81,0
400,PAYMENT,92578.03,0.0,0.0,0.0,0.0,0
359,PAYMENT,15072.88,0.0,0.0,0.0,0.0,0
373,CASH_OUT,166280.55,0.0,0.0,214165.8,380446.35,0
370,TRANSFER,4212189.85,29687.0,0.0,101274.0,3767009.15,0
400,PAYMENT,8041.84,0.0,0.0,0.0,0.0,0
402,CASH_IN,320027.13,51906.0,371933.13,139053.24,0.0,0
378,CASH_OUT,305171.69,0.0,0.0,615709.65,920881.34,0
372,CASH_OUT,12439.48,0.0,0.0,171160.99,183600.47,0
401,CASH_IN,336321.23,6213331.48,6549652.71,2079707.12,1743385.89,0
408,CASH_IN,41473.82,2779486.08,2820959.9,1233834.57,1192360.74,0
517,CASH_OUT,25943.86,147041.0,121097.14,172733.6,198677.46,0
372,CASH_IN,309578.33,104763.0,414341.33,75536.45,0.0,0
398,PAYMENT,25458.31,0.0,0.0,0.0,0.0,0
380,PAYMENT,53684.54,0.0,0.0,0.0,0.0,0
378,CASH_OUT,42297.5,0.0,0.0,81336.61,123634.11,0
404,CASH_OUT,35074.87,0.0,0.0,1392219.2,1427294.08,0
587,PAYMENT,15299.03,0.0,0.0,0.0,0.0,0
358,PAYMENT,5831.4,30278.28,24446.88,0.0,0.0,0
396,CASH_IN,93478.89,3531157.46,3624636.35,1465973.43,1372494.54,0
547,CASH_OUT,225001.69,25.0,0.0,131616.91,356618.61,0
517,PAYMENT,5576.98,59078.26,53501.27,0.0,0.0,0
401,CASH_OUT,177156.8,0.0,0.0,5402819.42,5579976.22,0
356,PAYMENT,5647.38,10093.0,4445.62,0.0,0.0,0
394,PAYMENT,480.96,0.0,0.0,0.0,0.0,0
358,TRANSFER,338241.02,0.0,0.0,3972119.71,4310360.73,0
393,PAYMENT,15913.77,49661.0,33747.23,0.0,0.0,0
403,CASH_OUT,302294.89,0.0,0.0,434695.04,736989.93,0
659,CASH_IN,53663.57,252780.0,306443.57,818176.39,764512.82,0
383,TRANSFER,1809401.3,0.0,0.0,20725984.33,22535385.63,0
378,TRANSFER,904346.72,9440.0,0.0,586540.42,1490887.14,0
381,CASH_OUT,99989.51,2060.0,0.0,0.0,99989.51,0
377,CASH_OUT,94425.6,0.0,0.0,2644441.07,2738866.67,0
538,CASH_IN,275352.05,129167.0,404519.05,47147.61,0.0,0
582,PAYMENT,1634.87,11029.0,9394.13,0.0,0.0,0
374,CASH_OUT,71189.08,272297.0,201107.92,1769182.35,1840371.43,0
372,CASH_OUT,137742.72,56066.0,0.0,620891.6,758634.33,0
376,PAYMENT,4400.64,0.0,0.0,0.0,0.0,0
525,CASH_OUT,132998.56,168.0,0.0,1081381.77,1214380.34,0
372,CASH_OUT,369591.03,150430.0,0.0,519186.91,888777.94,0
666,TRANSFER,504362.34,504362.34,0.0,0.0,0.0,1
570,CASH_OUT,25740.78,20065.0,0.0,0.0,25740.78,0
394,PAYMENT,43778.64,6022.48,0.0,0.0,0.0,0
380,DEBIT,12773.95,14394.0,1620.05,581144.92,593918.87,0
550,PAYMENT,33892.01,213158.08,179266.07,0.0,0.0,0
376,CASH_IN,131909.11,719660.0,851569.11,710294.47,578385.37,0
469,CASH_OUT,291663.41,29748.0,0.0,42170.13,333833.53,0
371,CASH_IN,442175.16,695.0,442870.16,0.0,0.0,0
586,CASH_OUT,237531.61,0.0,0.0,5149508.03,5387039.64,0
596,TRANSFER,540543.12,99766.0,0.0,0.0,540543.12,0
379,PAYMENT,20334.4,0.0,0.0,0.0,0.0,0
514,CASH_OUT,84045.8,0.0,0.0,116337.66,200383.46,0
372,PAYMENT,19647.28,11189.0,0.0,0.0,0.0,0
377,CASH_OUT,118011.45,0.0,0.0,323463.67,441475.12,0
442,CASH_IN,87661.56,151034.0,238695.56,216330.02,128668.46,0
415,CASH_OUT,224230.16,224230.16,0.0,427065.03,651295.19,1
371,PAYMENT,6263.58,59331.49,53067.91,0.0,0.0,0
376,CASH_IN,41809.43,839650.11,881459.54,1322472.07,1280662.63,0
382,CASH_IN,114118.05,5506171.05,5620289.1,175728.69,61610.63,0
379,CASH_OUT,29049.52,38723.39,9673.87,552562.0,406162.12,0
357,CASH_OUT,291727.81,11130.0,0.0,235967.51,527695.33,0
538,CASH_OUT,270875.06,0.0,0.0,307895.23,578770.29,0
525,PAYMENT,37055.63,155177.0,118121.37,0.0,0.0,0
376,TRANSFER,6501913.22,167374.0,0.0,0.0,6501913.22,0
356,CASH_IN,85054.54,30119.0,115173.54,0.0,0.0,0
540,CASH_OUT,203454.91,0.0,0.0,666177.08,869631.99,0
396,PAYMENT,11227.11,0.0,0.0,0.0,0.0,0
371,CASH_OUT,263829.72,5708.0,0.0,0.0,263829.72,0
407,PAYMENT,16532.16,165.0,0.0,0.0,0.0,0
381,CASH_IN,136491.89,1438440.21,1574932.1,3481388.46,3344896.57,0
428,CASH_OUT,183306.21,183306.21,0.0,0.0,183306.21,1
404,PAYMENT,19835.83,0.0,0.0,0.0,0.0,0
357,CASH_IN,74701.93,3988704.56,4063406.49,10522127.27,10447425.34,0
403,CASH_OUT,306067.05,6174.0,0.0,921643.33,1227710.38,0
380,PAYMENT,1503.04,30912.0,29408.96,0.0,0.0,0
397,PAYMENT,1514.63,0.0,0.0,0.0,0.0,0
373,CASH_OUT,259251.33,0.0,0.0,1392946.69,1652198.02,0
397,CASH_OUT,118744.4,0.0,0.0,1040169.18,1158913.58,0
406,PAYMENT,7487.74,0.0,0.0,0.0,0.0,0
380,PAYMENT,3992.12,71854.0,67861.88,0.0,0.0,0
378,PAYMENT,2596.96,6323.0,3726.04,0.0,0.0,0
373,CASH_OUT,127494.75,28179.0,0.0,2139735.84,2267230.59,0
375,CASH_IN,150337.49,7210253.83,7360591.32,240466.07,90128.58,0
395,CASH_OUT,268368.41,220586.55,0.0,2801286.2,3069654.62,0
403,TRANSFER,583726.45,0.0,0.0,1719455.49,2303181.94,0
428,CASH_OUT,125123.61,0.0,0.0,874097.45,999221.06,0
382,PAYMENT,8703.59,466.0,0.0,0.0,0.0,0
401,CASH_OUT,364795.11,343220.0,0.0,289311.95,654107.05,0
522,CASH_OUT,381240.8,0.0,0.0,1369397.61,1750638.41,0
687,CASH_OUT,36925.37,0.0,0.0,2258018.59,2294943.96,0
378,PAYMENT,44603.21,0.0,0.0,0.0,0.0,0
565,CASH_OUT,89829.03,52253.0,0.0,0.0,89829.03,0
572,TRANSFER,262960.23,262960.23,0.0,0.0,0.0,1
595,PAYMENT,12930.53,0.0,0.0,0.0,0.0,0
356,PAYMENT,5144.91,10271.0,5126.09,0.0,0.0,0
394,CASH_OUT,22065.9,139086.0,117020.1,3653927.52,3675993.42,0
384,PAYMENT,446.68,21658.0,21211.32,0.0,0.0,0
356,CASH_IN,159965.75,2502543.08,2662508.83,2250724.75,2090759.0,0
486,TRANSFER,4505012.56,4505012.56,0.0,0.0,0.0,1
371,CASH_OUT,109818.02,0.0,0.0,278430.03,388248.05,0
403,CASH_OUT,125657.42,107.0,0.0,59421.87,185079.29,0
406,TRANSFER,405403.29,866.0,0.0,25677.69,431080.98,0
379,PAYMENT,10143.39,103937.0,93793.61,0.0,0.0,0
681,TRANSFER,1158215.57,186158.0,0.0,0.0,1158215.57,0
378,CASH_OUT,377759.39,0.0,0.0,869066.68,1246826.07,0
500,PAYMENT,27276.38,10514.46,0.0,0.0,0.0,0
382,PAYMENT,6319.1,7682.0,1362.9,0.0,0.0,0
376,CASH_OUT,340292.66,46891.04,0.0,2442087.34,2782380.0,0
381,PAYMENT,8329.65,51918.0,43588.35,0.0,0.0,0
376,CASH_OUT,5782.9,31995.0,26212.1,179543.66,185326.56,0
404,CASH_OUT,101395.7,0.0,0.0,733592.89,834988.59,0
659,TRANSFER,1049198.3,0.0,0.0,1303569.97,2352768.27,0
614,CASH_IN,204127.0,4490761.84,4694888.83,437919.36,233792.37,0
548,TRANSFER,24520.67,0.0,0.0,7379379.07,7403899.73,0
398,CASH_OUT,342185.6,303914.0,0.0,359267.3,701452.91,0
372,CASH_OUT,402129.67,104725.0,0.0,46621.13,677634.09,0
372,TRANSFER,716284.33,0.0,0.0,11402237.58,12118521.91,0
469,TRANSFER,387200.66,0.0,0.0,5546187.82,5933388.48,0
380,PAYMENT,34673.55,0.0,0.0,0.0,0.0,0
588,PAYMENT,3090.48,398041.13,394950.66,0.0,0.0,0
394,PAYMENT,5948.34,54966.0,49017.66,0.0,0.0,0
684,CASH_IN,233241.58,404.0,233645.58,0.0,0.0,0
379,PAYMENT,48299.09,0.0,0.0,0.0,0.0,0
370,CASH_OUT,148740.14,0.0,0.0,475118.64,623858.78,0
382,TRANSFER,5174287.58,17995.43,0.0,6620107.29,11794394.87,0
505,PAYMENT,5245.47,10634.0,5388.53,0.0,0.0,0
369,PAYMENT,22748.49,120713.0,97964.51,0.0,0.0,0
376,CASH_OUT,142458.78,0.0,0.0,1189802.05,1769356.67,0
405,PAYMENT,11415.24,262.97,0.0,0.0,0.0,0
402,PAYMENT,6009.05,0.0,0.0,0.0,0.0,0
370,CASH_IN,331083.48,10869.0,341952.48,2886167.84,2555084.36,0
684,PAYMENT,57427.35,196816.06,139388.71,0.0,0.0,0
377,CASH_OUT,8765.28,0.0,0.0,299992.66,308757.94,0
372,CASH_IN,292759.74,6366144.52,6658904.26,532083.69,239323.95,0
637,CASH_OUT,70512.53,712.0,0.0,16453038.79,16523551.33,0
404,CASH_OUT,121254.14,13234.0,0.0,640294.56,761548.69,0
373,DEBIT,2626.47,20098.0,17471.53,2266318.61,2268945.09,0
393,PAYMENT,8805.17,0.0,0.0,0.0,0.0,0
399,CASH_IN,220442.85,357676.2,578119.05,776748.7,556305.85,0
502,CASH_OUT,62534.21,0.0,0.0,454696.55,517230.77,0
686,TRANSFER,1112277.98,175537.0,0.0,0.0,1112277.98,0
585,PAYMENT,9472.9,47644.0,38171.1,0.0,0.0,0
586,TRANSFER,2581549.92,2581549.92,0.0,0.0,0.0,1
592,TRANSFER,176489.44,0.0,0.0,255362.98,431852.42,0
408,CASH_OUT,203794.05,0.0,0.0,1248093.24,1451887.28,0
385,PAYMENT,3378.44,986.0,0.0,0.0,0.0,0
407,CASH_OUT,479341.92,336522.72,0.0,7500642.74,7979984.66,0
396,CASH_OUT,168319.45,191.0,0.0,25882.14,194201.59,0
403,CASH_OUT,68862.42,72564.0,3701.58,536271.43,605133.86,0
374,CASH_OUT,141483.94,105549.0,0.0,1580850.07,1722334.02,0
404,PAYMENT,2663.81,20754.0,18090.19,0.0,0.0,0
688,CASH_IN,50835.81,394.0,51229.81,3053519.82,3002684.01,0
397,CASH_OUT,55158.89,0.0,0.0,823722.04,878880.94,0
377,CASH_OUT,241203.6,0.0,0.0,248558.76,489762.36,0
400,CASH_OUT,255957.19,3404.16,0.0,1127248.24,1383205.43,0
408,PAYMENT,4177.75,0.0,0.0,0.0,0.0,0
564,CASH_OUT,188576.25,0.0,0.0,3124209.32,3312785.57,0
407,CASH_IN,29479.75,50992.0,80471.75,0.0,0.0,0
546,TRANSFER,2118278.81,0.0,0.0,11011240.58,13129519.39,0
377,CASH_OUT,357144.2,0.0,0.0,809015.15,1166159.35,0
414,CASH_OUT,216000.95,216000.95,0.0,171773.03,387773.97,1
573,PAYMENT,3957.71,20418.0,16460.29,0.0,0.0,0
692,PAYMENT,2228.82,47433.47,45204.65,0.0,0.0,0
400,CASH_OUT,269367.74,331093.0,61725.26,256409.52,525777.26,0
686,PAYMENT,20349.96,287869.51,267519.55,0.0,0.0,0
571,TRANSFER,457555.68,0.0,0.0,754127.91,1211683.59,0
522,TRANSFER,310194.6,0.0,0.0,1043580.03,1353774.63,0
396,CASH_IN,86285.37,1085653.22,1171938.59,759394.55,673109.18,0
429,CASH_IN,136780.39,3271438.66,3408219.05,353992.57,217212.19,0
358,PAYMENT,33513.27,41546.0,8032.73,0.0,0.0,0
357,PAYMENT,7820.07,0.0,0.0,0.0,0.0,0
526,PAYMENT,9447.96,10464.0,1016.04,0.0,0.0,0
544,CASH_OUT,210132.3,4563.0,0.0,183412.99,393545.29,0
377,CASH_OUT,122370.21,0.0,0.0,1873595.47,1995965.68,0
404,CASH_OUT,119703.25,570647.15,450943.9,2054477.85,2174181.11,0
520,TRANSFER,1728015.65,0.0,0.0,10579442.24,12307457.9,0
667,TRANSFER,124804.05,0.0,0.0,339297.15,464101.19,0
492,PAYMENT,15105.31,401263.0,386157.68,0.0,0.0,0
382,CASH_OUT,323341.48,0.0,0.0,370112.66,693454.14,0
375,CASH_OUT,360423.7,21902.5,0.0,5301445.5,5661869.2,0
396,CASH_OUT,3912.32,6173.0,2260.68,2230494.73,2234407.05,0
393,CASH_IN,29447.93,33370.0,62817.93,691552.8,662104.87,0
380,CASH_OUT,21133.15,0.0,0.0,44916.74,66049.9,0
371,TRANSFER,2358098.26,61328.0,0.0,712353.59,3070451.85,0
399,TRANSFER,349425.29,31128.0,0.0,0.0,349425.29,0
372,PAYMENT,25360.85,146512.33,121151.49,0.0,0.0,0
372,CASH_IN,118422.32,4113479.65,4231901.97,504100.89,385678.56,0
394,CASH_IN,301.39,1080069.21,1080370.6,75265.05,74963.66,0
395,PAYMENT,10409.59,0.0,0.0,0.0,0.0,0
387,TRANSFER,10000000.0,44892193.09,34892193.09,0.0,0.0,1
401,CASH_OUT,107413.37,75085.89,0.0,1299376.63,1406789.99,0
405,PAYMENT,7512.45,12929.12,5416.66,0.0,0.0,0
395,CASH_OUT,123453.51,0.0,0.0,436475.18,559928.69,0
356,PAYMENT,3337.52,0.0,0.0,0.0,0.0,0
406,CASH_IN,213033.5,1828.0,214861.5,87568.97,0.0,0
378,PAYMENT,12944.83,19943.0,6998.17,0.0,0.0,0
359,TRANSFER,195846.94,98578.78,0.0,3754065.13,3949912.06,0
522,CASH_IN,167517.45,73580.0,241097.45,596884.7,429367.25,0
403,PAYMENT,2710.1,14981.0,12270.9,0.0,0.0,0
376,PAYMENT,3958.63,120.0,0.0,0.0,0.0,0
661,CASH_IN,249650.94,9248516.47,9498167.4,285536.58,35885.65,0
431,PAYMENT,6442.54,22917.23,16474.68,0.0,0.0,0
469,PAYMENT,6821.73,43155.0,36333.27,0.0,0.0,0
589,CASH_IN,299609.46,549.0,300158.46,0.0,0.0,0
394,CASH_IN,184503.37,40162.0,224665.37,4288778.77,4104275.41,0
398,TRANSFER,845791.79,50008.0,0.0,596398.29,1442190.08,0
382,PAYMENT,2110.37,11544.0,9433.63,0.0,0.0,0
407,TRANSFER,436518.05,0.0,0.0,1768570.68,2205088.73,0
395,DEBIT,3301.98,146363.0,143061.02,722392.67,725694.66,0
396,TRANSFER,827582.17,110251.0,0.0,218938.74,1046520.9,0
375,CASH_OUT,26171.98,0.0,0.0,744570.56,770742.54,0
522,PAYMENT,22297.77,0.0,0.0,0.0,0.0,0
369,PAYMENT,6487.08,25343.3,18856.22,0.0,0.0,0
369,CASH_OUT,242811.23,0.0,0.0,797315.5,1040126.73,0
380,CASH_OUT,137436.16,41215.0,0.0,0.0,137436.16,0
570,CASH_IN,209278.47,3474836.47,3684114.95,1117507.78,908229.31,0
451,CASH_IN,298208.47,3329435.59,3627644.06,299689.78,1481.31,0
397,PAYMENT,51243.18,21448.0,0.0,0.0,0.0,0
371,CASH_IN,43570.12,5911861.09,5955431.21,160519.92,116949.8,0
404,CASH_OUT,52701.87,245.0,0.0,638216.54,690918.41,0
356,TRANSFER,81857.77,0.0,0.0,3875338.42,3957196.18,0
522,PAYMENT,2670.6,17306.0,14635.4,0.0,0.0,0
376,CASH_OUT,211138.58,373409.0,162270.42,104518.79,315657.37,0
399,CASH_OUT,287065.55,0.0,0.0,6006217.48,6293283.03,0
439,PAYMENT,14231.42,0.0,0.0,0.0,0.0,0
395,CASH_IN,372902.08,1120.0,374022.08,0.0,0.0,0
594,TRANSFER,344165.72,0.0,0.0,697347.59,1041513.31,0
394,CASH_IN,294861.93,52068.0,346929.93,1381123.5,1086261.57,0
399,CASH_OUT,184799.85,0.0,0.0,1229277.4,1414077.25,0
692,PAYMENT,56867.79,0.0,0.0,0.0,0.0,0
372,PAYMENT,3639.8,0.0,0.0,0.0,0.0,0
705,PAYMENT,14992.47,2052.0,0.0,0.0,0.0,0
649,CASH_OUT,150205.64,150205.64,0.0,0.0,150205.64,1
667,CASH_OUT,136835.61,0.0,0.0,466928.31,603763.92,0
405,CASH_OUT,134495.8,33.0,0.0,209056.1,343551.9,0
399,TRANSFER,1005802.06,0.0,0.0,1586612.52,2592414.58,0
402,CASH_OUT,9225.73,0.0,0.0,2439332.15,2668171.14,0
400,PAYMENT,60020.79,0.0,0.0,0.0,0.0,0
381,PAYMENT,19977.57,1390.36,0.0,0.0,0.0,0
359,TRANSFER,690257.8,0.0,0.0,2167174.23,2857432.03,0
687,TRANSFER,716222.71,0.0,0.0,3229142.05,3945364.75,0
402,CASH_IN,143384.28,19861.0,163245.28,69080.04,0.0,0
376,CASH_IN,284912.6,287919.0,572831.6,0.0,0.0,0
688,PAYMENT,4106.59,30706.0,26599.41,0.0,0.0,0
400,CASH_OUT,223707.42,0.0,0.0,737304.32,961011.74,0
380,PAYMENT,13756.28,651.0,0.0,0.0,0.0,0
690,CASH_IN,201251.04,304.0,201555.04,0.0,0.0,0
521,TRANSFER,27483.79,27483.79,0.0,0.0,0.0,1
408,PAYMENT,9807.98,1113.0,0.0,0.0,0.0,0
400,CASH_IN,173732.25,1221748.42,1395480.66,550863.67,377131.42,0
404,PAYMENT,16609.61,29792.0,13182.39,0.0,0.0,0
619,CASH_IN,433850.73,356838.42,790689.15,575745.42,141894.69,0
540,CASH_OUT,266033.94,0.0,0.0,299769.99,565803.93,0
500,CASH_OUT,94941.72,187.0,0.0,0.0,94941.72,0
589,PAYMENT,156.83,0.0,0.0,0.0,0.0,0
612,CASH_OUT,319669.56,17764.0,0.0,0.0,319669.56,0
511,TRANSFER,1367070.94,1367070.94,0.0,0.0,0.0,1
406,TRANSFER,294388.29,0.0,0.0,893981.45,1188369.74,0
375,PAYMENT,27703.92,48230.0,20526.08,0.0,0.0,0
524,TRANSFER,279010.32,0.0,0.0,1765383.31,2044393.63,0
419,TRANSFER,1197179.17,0.0,0.0,7194020.81,8391199.98,0
567,PAYMENT,46663.94,0.0,0.0,0.0,0.0,0
649,CASH_IN,209938.36,1861809.77,2071748.14,8051247.65,7841309.29,0
405,CASH_OUT,22885.9,82558.0,59672.1,3263356.18,3286242.08,0
373,CASH_IN,252637.73,14896420.38,15149058.11,4648002.29,4395364.57,0
370,PAYMENT,16689.09,157609.33,140920.24,0.0,0.0,0
402,TRANSFER,77664.3,60575.0,0.0,98176.98,175841.28,0
400,CASH_IN,38964.09,2739969.84,2778933.94,198746.36,159782.27,0
404,CASH_IN,114094.54,78626.0,192720.54,400848.17,286753.63,0
400,CASH_OUT,47224.78,0.0,0.0,131596.33,178821.11,0
403,PAYMENT,10110.63,0.0,0.0,0.0,0.0,0
403,CASH_IN,436904.94,327.0,437231.94,0.0,0.0,0
686,CASH_IN,119762.27,1504839.43,1624601.7,1154480.74,1034718.48,0
372,CASH_OUT,223234.87,0.0,0.0,638358.62,861593.49,0
726,TRANSFER,834495.09,834495.09,0.0,0.0,0.0,1
370,CASH_IN,73178.75,4638695.76,4711874.51,262648.57,189469.81,0
378,CASH_OUT,92748.64,105343.0,12594.36,2023944.1,2116692.75,0
547,CASH_OUT,32371.21,118339.0,85967.79,525459.03,557830.24,0
382,CASH_IN,193099.8,3210183.53,3403283.33,5319231.44,5126131.64,0
376,TRANSFER,812872.04,0.0,0.0,5290937.72,6103809.76,0
400,CASH_OUT,269599.87,105842.0,0.0,2530914.45,2800514.31,0
422,CASH_IN,228629.6,11281032.72,11509662.32,247418.95,18789.35,0
394,CASH_IN,166009.1,6408028.51,6574037.61,322823.85,156814.75,0
382,PAYMENT,9406.51,8794.0,0.0,0.0,0.0,0
378,PAYMENT,22777.7,420230.0,397452.3,0.0,0.0,0
396,CASH_OUT,363859.65,104865.0,0.0,446848.77,810708.42,0
400,CASH_IN,388608.92,24317.0,412925.92,9818192.08,9429583.16,0
444,TRANSFER,10000000.0,13752520.6,3752520.6,0.0,0.0,1
500,PAYMENT,41673.05,0.0,0.0,0.0,0.0,0
398,PAYMENT,17479.83,823.0,0.0,0.0,0.0,0
376,CASH_OUT,30402.26,20188.0,0.0,787281.67,817683.93,0
393,PAYMENT,17924.61,439966.58,422041.97,0.0,0.0,0
395,PAYMENT,4212.39,15344.83,11132.45,0.0,0.0,0
420,CASH_IN,381789.17,7176077.57,7557866.74,815574.02,433784.86,0
399,CASH_IN,7050.91,15130464.98,15137515.89,361259.75,354208.84,0
399,CASH_IN,158843.71,3447674.11,3606517.82,980867.53,822023.82,0
376,CASH_IN,115437.48,72241.0,187678.48,0.0,0.0,0
358,PAYMENT,12340.69,13345.0,1004.31,0.0,0.0,0
381,CASH_OUT,118066.74,0.0,0.0,142630.22,260696.97,0
372,TRANSFER,2923356.25,2923356.25,0.0,0.0,0.0,1
356,CASH_IN,162046.33,2092800.58,2254846.92,1814040.36,1651994.03,0
394,PAYMENT,10642.22,0.0,0.0,0.0,0.0,0
456,TRANSFER,10000000.0,10585396.14,585396.14,0.0,0.0,1
406,CASH_IN,24177.14,3561810.29,3585987.43,299492.69,275315.55,0
373,CASH_OUT,168824.53,7967.0,0.0,0.0,168824.53,0
495,CASH_IN,164566.6,0.0,164566.6,436521.97,271955.37,0
563,CASH_OUT,293900.23,10607.0,0.0,0.0,293900.23,0
357,PAYMENT,3927.8,0.0,0.0,0.0,0.0,0
403,CASH_IN,198258.02,2136216.9,2334474.92,5652809.03,5454551.0,0
550,PAYMENT,12046.27,30476.0,18429.73,0.0,0.0,0
407,CASH_IN,212857.02,129346.0,342203.02,0.0,0.0,0
373,CASH_OUT,519731.91,0.0,0.0,744560.92,1264292.83,0
600,CASH_OUT,1649039.58,1649039.58,0.0,1970152.93,3619192.51,1
416,CASH_OUT,119883.84,0.0,0.0,360139.78,480023.62,0
371,CASH_OUT,454564.73,14947.0,0.0,0.0,454564.73,0
403,CASH_OUT,216497.22,0.0,0.0,3795983.37,4012480.59,0
455,PAYMENT,7620.0,100079.0,92459.0,0.0,0.0,0
374,CASH_OUT,386387.5,0.0,0.0,1007098.41,1393485.9,0
372,CASH_IN,50118.92,8447.0,58565.92,13040170.15,12990051.24,0
400,CASH_IN,237827.23,3264643.48,3502470.71,13130549.84,12892722.61,0
397,CASH_IN,43732.91,6127635.29,6171368.2,2518263.67,2474530.75,0
395,CASH_OUT,56337.78,0.0,0.0,318308.86,374646.65,0
399,CASH_OUT,120401.47,228367.0,107965.53,198415.46,318816.92,0
373,CASH_OUT,90536.7,525206.32,434669.62,100484.92,191021.62,0
402,CASH_IN,466136.48,9795144.55,10261281.04,14273507.25,13807370.77,0
403,CASH_OUT,112135.61,670302.0,558166.39,0.0,443896.63,0
402,CASH_OUT,160470.36,80428.0,0.0,41011.01,201481.37,0
379,CASH_OUT,127745.66,7220.0,0.0,3750818.39,3878564.04,0
402,PAYMENT,16664.86,105988.0,89323.14,0.0,0.0,0
503,PAYMENT,3538.35,255116.0,251577.65,0.0,0.0,0
402,PAYMENT,12166.89,0.0,0.0,0.0,0.0,0
357,PAYMENT,11192.5,298.0,0.0,0.0,0.0,0
394,TRANSFER,1297364.61,41437.0,0.0,0.0,1297364.61,0
371,CASH_OUT,195658.94,0.0,0.0,8474152.68,8669811.62,0
395,CASH_IN,399617.03,11613.0,411230.03,0.0,0.0,0
565,PAYMENT,25409.08,0.0,0.0,0.0,0.0,0
525,CASH_OUT,19295.0,16164.0,0.0,4550.9,23845.89,0
404,PAYMENT,8589.4,41750.0,33160.6,0.0,0.0,0
356,PAYMENT,6154.4,37242.53,31088.13,0.0,0.0,0
374,PAYMENT,6554.29,159758.0,153203.71,0.0,0.0,0
592,TRANSFER,450560.94,0.0,0.0,509116.78,959677.73,0
404,TRANSFER,23549.98,0.0,0.0,3262806.23,3286356.21,0
397,CASH_OUT,193899.4,0.0,0.0,7778815.49,7972714.9,0
401,CASH_OUT,22517.39,0.0,0.0,2358819.33,2381336.71,0
383,CASH_OUT,143967.56,0.0,0.0,1695417.87,1839385.44,0
404,PAYMENT,9755.96,45557.0,35801.04,0.0,0.0,0
374,CASH_OUT,56682.18,0.0,0.0,195921.51,252603.69,0
565,PAYMENT,7223.68,50699.0,43475.32,0.0,0.0,0
377,CASH_OUT,94440.22,11143.0,0.0,572518.91,666959.13,0
402,CASH_OUT,13612.68,343.0,0.0,2134589.0,2148201.69,0
401,PAYMENT,8128.82,613071.55,604942.73,0.0,0.0,0
401,TRANSFER,292091.57,70575.0,0.0,0.0,292091.57,0
402,CASH_IN,160162.22,22235828.85,22395991.08,516878.1,356715.88,0
526,PAYMENT,26278.51,0.0,0.0,0.0,0.0,0
407,PAYMENT,3714.59,0.0,0.0,0.0,0.0,0
