,mean_abs_shap
is_transfer_or_cashout,1.7803767
amount_equals_orig_balance,1.4861355
error_balance_orig,1.32607
amount_to_orig_balance_ratio,0.9979119
amount,0.98759705
hour_of_day,0.89084655
amount_to_dest_balance_ratio,0.74674577
newbalanceDest,0.64868385
day_of_week,0.6426631
orig_zero_after,0.6258155
oldbalanceDest,0.5331262
dest_balance_delta,0.50523895
type_CASH_OUT,0.3881033
oldbalanceOrg,0.3712758
orig_emptied,0.2913938
error_balance_dest,0.26516652
orig_balance_delta,0.24425174
log_amount,0.20724069
orig_zero_before,0.19971314
type_TRANSFER,0.08652757
dest_zero_before,0.049810532
newbalanceOrig,0.036915872
dest_zero_after,0.018603293
type_CASH_IN,0.00844687
type_PAYMENT,0.0
type_DEBIT,0.0
